name,capacity,start,end
☾ Éclipse ☉,4,2022-08-16 10:00:00,2022-08-16 14:00:00
À travers les ténèbres,5,2022-08-16 11:00:00,2022-08-16 15:00:00
Au dernier repos,6,2022-08-16 12:00:00,2022-08-16 16:00:00
En suivant l'Alouette,7,2022-08-16 13:00:00,2022-08-16 17:00:00
Euterpe,8,2022-08-16 14:00:00,2022-08-16 18:00:00
Hotel California,9,2022-08-16 15:00:00,2022-08-16 19:00:00
La nouvelle maison des Barbapapas,10,2022-08-16 16:00:00,2022-08-16 20:00:00
Le Dilemme de Chronos,11,2022-08-16 17:00:00,2022-08-16 21:00:00
Le dortoir des papillons,12,2022-08-16 18:00:00,2022-08-16 22:00:00
Les Enfants de la Nuit d'Eté,13,2022-08-16 19:00:00,2022-08-16 23:00:00
Lumis,14,2022-08-16 20:00:00,2022-08-17 00:00:00
Nostalgie d'innocence,15,2022-08-16 21:00:00,2022-08-17 01:00:00
Papers,16,2022-08-16 22:00:00,2022-08-17 02:00:00
Pensine,17,2022-08-16 23:00:00,2022-08-17 03:00:00
Que vienne la nuit,18,2022-08-17 00:00:00,2022-08-17 04:00:00
Silence au Quatrième Étage,19,2022-08-17 01:00:00,2022-08-17 05:00:00
Songes d'une nuit d'hiver,20,2022-08-17 02:00:00,2022-08-17 06:00:00
Star Potter des Anneaux,21,2022-08-17 03:00:00,2022-08-17 07:00:00
This is Halloween,22,2022-08-17 04:00:00,2022-08-17 08:00:00
WINTERHORN,23,2022-08-17 05:00:00,2022-08-17 09:00:00
Zero Escape Radical Outcome,24,2022-08-17 06:00:00,2022-08-17 10:00:00
